Force RMSE (N),Force MAE (N),Force bias (N),Filtered Fc std (N),ATR (%),Integral u2,Position-state RMSE (um),Velocity-state RMSE (m/s),Modal displacement RMSE,Modal velocity RMSE,State events,Check triggers,Max state norm,Max V,Minimum inter-event time (ms),Maximum OFF interval (ms),Finite trajectory,beta,Seed
0.9269016552729868,0.7414099858517135,0.005064999175420071,36.2774444415065,86.83836757882776,3498.1966078440573,16.06195326383039,0.004179303823127746,0.0028531432130731653,0.1422542795915646,347,0,0.21129747213960343,3.520742588290351,16.499999999999737,28.122225026834258,True,0.05,1
0.9206372271510389,0.7356155574421542,0.020116391771695382,36.382126219117886,84.93513871792445,3397.1790540165775,16.283476405050422,0.0041508091922820645,0.0028547332597818158,0.14258992535190343,341,1,0.1994076991228462,3.3477079653840542,16.499999999999737,48.83418021703933,True,0.05,2
0.9065498941541454,0.7251578905846551,0.004154800889729789,36.44003941166263,86.27023956064767,3326.2944137191307,16.41966438693888,0.004119706200602224,0.0028716159538056166,0.14385080865666108,343,0,0.20257678652142236,3.768687278977703,16.499999999999737,49.10854576234816,True,0.05,3
0.9101666832796963,0.7266369601074882,0.01481863910979297,36.38065798461793,86.23236435943566,3367.672951538676,16.473345389060206,0.004193621157791574,0.0028328776005582625,0.1417544631384284,340,2,0.20710943519963795,4.2426077375390125,16.499999999999737,50.249050647432014,True,0.05,4
0.9163689079772873,0.7305673097484475,-0.016829794060096045,36.48530685202386,83.81782028217025,3503.412867972079,16.296501719247633,0.004166302301034937,0.0028058700070173466,0.13990101053891935,339,1,0.1999213169825084,3.605794863885587,16.499999999999737,49.46245711545938,True,0.05,5
0.9143434700189932,0.7265315007537202,-0.00040795586909003317,36.324730591371406,84.7078875106524,3497.1968278590866,16.364845516250504,0.00418550895857309,0.002855087243754245,0.14314248966806875,339,0,0.1887690945777827,2.656637025688735,16.499999999999737,48.015764297067776,True,0.05,6
0.9269555756044082,0.7400246518703685,-0.016893418312961622,36.575334110315175,84.31019789792633,3242.9690343348866,16.478069886189694,0.00423662667238066,0.002876518532776431,0.14378506359374923,333,3,0.20882472995787912,3.63542353512236,16.499999999999737,51.6136754865304,True,0.05,7
0.9191964511351094,0.7321006100622903,0.01062963588839696,36.323200760116045,85.39910993277152,3275.4871567320747,16.25277112837716,0.0041279677932004105,0.0029095476137927065,0.1455647318865738,343,0,0.20549428294911165,2.862033857296665,16.499999999999737,46.939286749174244,True,0.05,8
0.9354002302626186,0.7468836775566552,-0.0065414009393459545,36.46927041677843,85.39910993277152,3397.7977168659004,16.29689128662745,0.004188755648712519,0.002803654980796318,0.14053549787289044,344,0,0.20183438304336462,3.1073632525787125,16.499999999999737,42.30358804602518,True,0.05,9
0.9160791160902324,0.7315681842255064,0.0015932871399495976,36.45544029495766,87.82312281033992,3419.899861361465,16.517932802761116,0.004198171249422788,0.0028404463560759356,0.14246136375446303,352,0,0.20233451385425455,4.000999971286334,16.499999999999737,34.22907368490424,True,0.05,10
0.9254220596178959,0.7394872403766342,0.005880175113085444,36.666491524332194,81.01505539248177,3307.407101617667,16.06472350037972,0.0041679481589735525,0.002720299369361534,0.13606031408275618,322,3,0.213789059921527,6.412296143619658,16.499999999999737,50.27276005365344,True,0.1,1
0.9211575583761884,0.7364590152629495,0.019421926956165663,36.79181834270167,80.11551936369662,2870.8515775213878,16.258832542621008,0.004155638170487042,0.0027982432150979986,0.14010703899446617,314,6,0.22193846400254974,8.34029148109223,16.499999999999737,51.60257754177522,True,0.1,2
0.9035145191974931,0.7230469085822699,0.0038471366268075275,36.56030058772833,80.95824259066376,3094.010603642021,16.437471130538725,0.004108794850181423,0.002832919809078373,0.14237338917053075,324,4,0.2183360217254239,7.269505571123998,16.499999999999737,50.974290006535306,True,0.1,3
0.9070411034180684,0.7239244541915529,0.01410675647439533,36.59681796237979,82.52059464065903,3034.639921764565,16.488795611388372,0.004186308396048789,0.002721037853365088,0.13682745595816256,325,3,0.21081532294852548,7.022914088173349,16.499999999999737,50.87500167221126,True,0.1,4
0.9180896219323759,0.7322232669396591,-0.015234362252962402,36.645227332527476,79.46217214278951,3261.1665144710514,16.318899086086024,0.0041725304627797,0.0028107037300276645,0.14045744476788338,307,8,0.25682356341839385,6.671425401020973,16.499999999999737,51.61025567040893,True,0.1,5
0.9089761048987054,0.7227280449117462,-0.0010562006032164473,36.55512075028342,80.29542656945365,3255.015865850368,16.37632090073103,0.00416012641998502,0.0028248344018530925,0.14175556260691421,320,4,0.2638216247609289,7.221182633972337,16.499999999999737,50.862581911135685,True,0.1,6
0.9251428844085713,0.7389196808144739,-0.017624776002058574,36.87347805685426,78.43007290976234,2977.6466158764115,16.491337063888007,0.004230434615842981,0.0028583608435945023,0.1430873387111569,308,10,0.2327563130415609,8.785264999808005,16.499999999999737,51.61709530265179,True,0.1,7
0.9157360190776863,0.7300809655917192,0.008974204923554628,36.575850419293516,80.65524098096772,2898.377086783446,16.262928162686837,0.0041163802082421815,0.002744364961128743,0.1377329709150434,326,2,0.21610320363863175,6.397565794005747,16.499999999999737,50.25695378283957,True,0.1,8
0.9287112764571687,0.7406210804003773,-0.006265994713569997,36.60044253300101,78.46794811097433,2998.6541744107817,16.307835026222595,0.004158707019247963,0.0027438398216613224,0.13780131625952383,311,6,0.2228100452020573,7.023305351592994,16.499999999999737,51.58986721555969,True,0.1,9
0.9151435282388719,0.7310437999738021,0.002646780191108645,36.72615522581338,79.90720575703058,3005.4764118683943,16.505545595756494,0.004193418058434115,0.002797372178636546,0.14040771419722428,319,4,0.2336040068366521,7.374946345396576,16.499999999999737,51.56390703403524,True,0.1,10
0.9273657369396242,0.7414727985093484,0.006853764015505492,36.61506768696983,75.52315121674084,2396.8129872069126,16.045111294825322,0.004185068814954736,0.0028391887493275213,0.14117692404193383,295,12,0.2159276205338957,16.097061955352768,16.499999999999737,51.57605750919325,True,0.15,1
0.9242572944011591,0.7393331300872086,0.020003272680835096,36.88581143599485,70.39106145251397,2217.8869561507026,16.270587831560764,0.004165883173529579,0.0029905021604990077,0.14872961053681502,280,11,0.20006695782703704,16.71685079030458,16.499999999999737,51.69575107344748,True,0.15,2
0.910316683201308,0.7287656025415667,0.0033918093270190732,36.518896330868415,73.59151595492851,2566.875050147892,16.451709675851582,0.0041299808204518845,0.0028976803476000925,0.14618101510878453,287,9,0.2511222116688423,17.743095060907482,16.499999999999737,51.60549154637284,True,0.15,3
0.9069574604303584,0.7248157426126673,0.013834182147341719,36.88124536101689,76.59312565098003,2402.4982033595397,16.48978439371258,0.004188963004291971,0.0028169373905164914,0.1414791651099109,290,8,0.23088244207959527,15.109081219287972,16.499999999999737,51.53506238789696,True,0.15,4
0.9212079762545823,0.734718076892662,-0.017615567262134434,36.45172882044897,76.95294006249408,2488.9176081870705,16.29822923873112,0.004188865511944951,0.0027866171225757793,0.13887375331666552,305,8,0.2153113019980303,14.941532177690956,16.499999999999737,50.88742143328795,True,0.15,5
0.9209670362440148,0.731686914946112,0.0019366351792124235,36.57643264948189,70.34371745099895,2236.2834596075395,16.368245318623554,0.004216068247136846,0.0029157132303820605,0.14629748493560213,274,12,0.23072281883808335,14.816029688278974,16.499999999999737,50.98899891898245,True,0.15,6
0.9239853247959512,0.7381189687152536,-0.017134473303055262,36.901602078056946,73.43054634977749,2727.9671174387595,16.476614595673983,0.00423759925222177,0.002921959511137449,0.14635022096340036,295,10,0.22622798689077978,18.418087507480756,16.499999999999737,51.52714374539269,True,0.15,7
0.9218679977197864,0.7349726841263704,0.006008631496555237,37.02096636411785,75.3621816115898,2589.439923240275,16.271268801654813,0.004138555230556703,0.002889494063907637,0.14545493836539422,288,10,0.20740259716412765,16.264910277162308,16.499999999999737,50.92256826795705,True,0.15,8
0.9306701813659464,0.7423340016872463,-0.006747980748561639,36.64916275560269,75.2864312091658,2722.358889626302,16.30388651970932,0.00416914387852592,0.002810771242148362,0.14158694335900524,304,6,0.20947597675147736,14.868194144822695,16.499999999999737,51.59275168017352,True,0.15,9
0.9194229912830615,0.7348623422880325,0.001033230223141629,36.463738437388365,75.3621816115898,2387.2042204334984,16.496424147808185,0.004216416824890503,0.0028678954430959532,0.14382364745590814,296,7,0.28657772076119076,15.909061348176976,16.499999999999737,51.592911276004294,True,0.15,10
0.9261465285562384,0.7408784324432327,0.007274932397029092,36.84467344334524,72.3416343149323,2444.6464908056723,16.065881849843436,0.004187667660620116,0.002844787187474912,0.1422994506837232,277,11,0.25746679665766214,30.201721211417173,16.499999999999737,51.699170889569324,True,0.2,1
0.9256999948766449,0.7399438029717277,0.022818232796703475,36.32498512877935,72.63516712432535,1916.1418899406965,16.250168478577177,0.004174988066008915,0.0028659409844633468,0.14242593621834373,282,11,0.23619907406817944,32.561899765136886,16.50000000000018,51.55813810480758,True,0.2,2
0.905079119935229,0.7244489985095448,0.005573057097567997,36.56247840795047,73.14648234068744,2122.744015818487,16.43306174579991,0.004120847481011225,0.0029380790247853796,0.14728157045669718,286,10,0.22535986715401862,33.80451735253611,16.499999999999737,51.60549154637284,True,0.2,3
0.9099119002625693,0.7273192857776251,0.01577098382606843,36.22423453825578,75.64624562067986,2279.032489753732,16.491810015520795,0.0042046118193544615,0.002852793929630497,0.14284566853692685,296,7,0.24234106594166652,30.038336346641078,16.99999999999946,51.63375161225581,True,0.2,4
0.9246810817662602,0.7371355525743188,-0.016758764608135565,37.17742281927811,73.19382634220244,1893.7325204438903,16.293246591190837,0.004205442308130956,0.002841455507987719,0.14141448169009618,290,8,0.2250783912428767,27.33719100102257,16.500000000000014,50.86364611083572,True,0.2,5
0.9235777044736967,0.733243511025344,0.0034242371716576283,36.79502859817322,70.66565666130101,2034.632271511825,16.357735880416474,0.004228189046610175,0.0030327251473406835,0.1523808828559524,276,6,0.2508200999584176,32.684315452294825,16.499999999999737,51.67523217671821,True,0.2,6
0.9297851139222086,0.7432086679288954,-0.015396420860129701,36.92647016185068,70.72246946311903,2114.618360652528,16.46802419586399,0.004253618250736308,0.00290986617988283,0.14572894012320994,283,8,0.25960044691465095,28.261863535772175,16.499999999999737,50.95033385590453,True,0.2,7
0.9257828603234296,0.7389211388775486,0.007767779799568648,36.967324962983746,70.42893665372597,1987.7354087576114,16.272355922598006,0.0041517733961408025,0.002828677517992021,0.1420702769292996,278,9,0.23683152160290089,29.6281652925377,16.499999999999737,50.91968380334411,True,0.2,8
0.9375509031280895,0.7483809154778354,-0.00746079694105881,36.77956933135494,71.59359909099517,2044.8882877233343,16.303024368993945,0.00420227608835076,0.0028806959012840014,0.14488703586395793,280,12,0.2631583239213453,31.96550532282347,16.50000000000018,51.59275168017352,True,0.2,9
0.9254276343797609,0.7396604023930994,0.0027852744285189776,36.770145034134785,74.64255278856169,1880.6786490818479,16.49089117027825,0.004238905755878013,0.002879940598079113,0.14453926968207276,298,6,0.2710898046203853,29.001132712644576,16.499999999999957,50.992989402433686,True,0.2,10
0.9351678939322007,0.7479975235860504,0.00793540161515891,36.97771194777436,67.01069974434239,1911.458564417566,16.05359661840384,0.004222687749885433,0.0030321218308926898,0.1517533480084044,264,13,0.2685319322774344,72.51383018350046,16.499999999999737,51.576057509193475,True,0.3,1
0.9307767672704412,0.7443095228646807,0.017586912240368572,36.654389152804754,71.05387747372409,1981.7723922135758,16.273969884796493,0.00419827124589918,0.002850911089973258,0.1435677409574298,277,10,0.2524303932983033,81.34769505567874,16.50000000000018,51.588078143120164,True,0.3,2
0.9105559410550538,0.7292944165021291,0.004811633517703866,36.755991895284275,72.24694631190228,2044.2324239186842,16.444135167857237,0.004145371422346503,0.002850534202393628,0.14309806112099396,277,8,0.2460216194156577,64.18761180680185,16.499999999999737,51.579477325315096,True,0.3,3
0.9136154660360174,0.7304737329437151,0.015166939597063786,36.087961214055966,70.27743584887794,1786.048658762205,16.478049843496564,0.0042216627313317245,0.003015995777683939,0.15118285868146747,275,10,0.2714897424547974,91.31005022413906,16.500000000000625,50.93410612641236,True,0.3,4
0.9292186753850329,0.7409394013286352,-0.017873691615770647,36.504249643094454,66.89707414070637,1509.6481444706767,16.304433474458506,0.004226331035513227,0.0029276502354568957,0.14658258299853938,260,12,0.24304400716418942,53.769724967857,16.499999999999957,50.930890597054024,True,0.3,5
0.924243220814138,0.7339700444093815,0.002362688184984869,36.43511062954777,65.9407253101032,1561.9629694912355,16.352561971750927,0.004241237145692391,0.0030310427115805495,0.15338994309381848,261,13,0.25975614289715665,81.44915282593432,16.99999999999946,51.58289714143649,True,0.3,6
0.9325879662983011,0.7455427206366501,-0.01618355640470475,36.56894160009587,67.88182937221853,1684.309094561783,16.4520796575369,0.004270444616899459,0.0029305445340401955,0.14703896819863863,271,10,0.25367574554063804,61.00022594513765,16.499999999999986,51.5583914365676,True,0.3,7
0.9314238424018454,0.7440786427485699,0.008507203903288364,37.09691607661199,70.97812707130007,1899.6653487281883,16.263770537679182,0.0041814117699188694,0.002971085245558023,0.14953131743050482,277,11,0.24341159730805914,73.02323817324127,16.499999999999737,50.94952023866828,True,0.3,8
0.9392631119762201,0.7491743888890111,-0.0072555870434576316,36.56416896552887,71.55572388978317,2137.491326186787,16.32009856572896,0.00420896447720196,0.0028701051669926697,0.14446938475354604,284,8,0.2791750282859017,60.79442135114929,16.99999999999946,50.97429000653522,True,0.3,9
0.9245640744065664,0.7399044345594243,0.0026465750950560307,37.081446556243094,72.17119590947827,1583.119657088641,16.47536992239398,0.004238911071011962,0.002995238705659029,0.15040715507701616,279,10,0.2328453243079985,71.2593549744099,16.499999999999737,51.57947732531465,True,0.3,10
0.938826055218747,0.7509109949653159,0.008560455510570815,36.97344082391748,65.9407253101032,2000.3580094295826,16.070035372007165,0.004229366464066435,0.0029869880216054374,0.14901024247730757,257,14,0.28342220336780105,199.77975088474759,16.499999999999957,50.999199282971915,True,0.5,1
0.9393596695471164,0.7512102133559334,0.015632605295601877,37.010666519459576,66.66982293343433,2014.5955687537771,16.28281328344607,0.004237758491985242,0.0029870580502891694,0.15019924509845692,247,16,0.28203870733379616,198.93549359313886,16.499999999999957,51.66201167813966,True,0.5,2
0.9195090485314612,0.736881563210281,0.005963730529450409,36.78560891536734,62.57930120253764,1746.6578486147885,16.433601924595337,0.004184838808657315,0.0028892891646995545,0.14496456814179734,238,18,0.2849572831534276,201.68391074372732,16.99999999999946,51.583245010235146,True,0.5,3
0.917113953919124,0.7337947129347674,0.011119254339314199,36.67803750148603,66.30053972161727,2140.449937383726,16.491408870359283,0.004248483706295688,0.002843573996647525,0.14215781841227967,259,10,0.28155544017522727,171.61344848556243,16.50000000000018,51.66672168912001,True,0.5,4
0.9371499671942632,0.7469243224662331,-0.018697796393782468,37.11228350912788,67.58829656282549,2126.64145054985,16.317607219310133,0.00425891248546168,0.0028693733016756837,0.14430481626302752,257,12,0.2753566983496874,155.12853293575077,16.99999999999946,50.98677952189568,True,0.5,5
0.9267302219155922,0.7371299187885446,-0.002556124266610025,37.00942758750498,66.31947732222328,1857.2873238976424,16.365605348655013,0.004253245056489629,0.0029059115905453402,0.14618151565432078,259,13,0.28460700795031385,166.87847806455918,16.499999999999737,51.57723148048943,True,0.5,6
0.9351815753988262,0.7477891074382539,-0.017597814858735728,37.022340020099634,65.90285010889122,1991.383513519534,16.458925597745,0.004281750319994234,0.002920735515682626,0.14644717368453886,251,15,0.27059860352482523,224.39539342355218,16.499999999999737,51.54577338700683,True,0.5,7
0.9345772207991604,0.7458450266919803,0.008370865588503529,37.44739503458881,68.8192406022157,1975.0779586712829,16.26833082386296,0.004200536429350642,0.0029126949508981766,0.14727114370439745,262,11,0.279764215660511,198.53746280848483,16.499999999999737,51.664972728353575,True,0.5,8
0.9452427805692358,0.753645145289548,-0.011181647481729217,36.86200347533948,66.9917621437364,2060.24745655962,16.319572347687988,0.004243354223408081,0.002889333956472176,0.14589287519090502,258,12,0.2864803026242371,179.70490899281327,16.499999999999957,51.643171634217055,True,0.5,9
0.9315267380545548,0.7456868326821293,0.00263480894030771,37.389172929867634,71.57466149038918,1840.700408425132,16.4857334440083,0.004264113601975864,0.0030310746945783596,0.15162433799892036,279,10,0.2829248069821758,207.02583275804668,16.499999999999737,51.586651502451005,True,0.5,10
0.9575329492207824,0.7673026969176338,-0.002498753820289185,38.1208128113642,58.933813085882015,3327.719250583006,16.079325241896385,0.004310266001782917,0.003280474511581642,0.16487924394790118,207,29,0.3578953902866708,889.0141281958886,16.99999999999946,52.2703419306918,True,1.0,1
0.9709721326875156,0.7775377960086352,0.020385848217698867,37.52043706033258,65.38206609222611,3990.2731905486617,16.311383432086227,0.004359587907474952,0.003321010017628778,0.1685406538376917,245,10,0.37531108262466,1331.463286569783,16.499999999999737,51.54577338700639,True,1.0,2
0.9435293702296597,0.7557349017120419,-0.00018361097676078557,37.147685925053736,61.06429315405738,3627.2083143162163,16.46066630296623,0.004287061466418294,0.003315712611530274,0.1685558365898879,218,23,0.3773964790729366,1444.4156599791802,16.99999999999946,51.58289714143649,True,1.0,3
0.9446977920592589,0.7563942785540095,0.016158252290684887,37.54226168923352,60.66660354133131,3871.237907809317,16.552482819348597,0.004372754578448778,0.003461830502633438,0.17466302530981168,232,17,0.38728861771323236,1225.5226919283552,16.99999999999946,51.558391436567376,True,1.0,4
0.9588548542093387,0.7648415693725843,-0.018243488448136013,37.88225868395076,61.44304516617745,3651.582033325214,16.348883494393927,0.004356778088994773,0.0032961852934856053,0.16693660686275144,222,21,0.37352985692991875,1131.6421431255155,16.99999999999946,52.23507895884516,True,1.0,5
0.9571461898391261,0.7618586572932972,-0.004373167932222965,37.41644888277754,57.343054634977754,3545.963146361767,16.409929202114316,0.004378350762617659,0.003377282886267135,0.17348156086193747,220,17,0.3713086714564315,1091.2668089101358,16.50000000000018,51.67143170010036,True,1.0,6
0.9570676090713502,0.7673863441213682,-0.015110159004628934,37.96145381440139,59.72919231133416,3367.773348951776,16.48450801545043,0.0043877237076605366,0.0032378464899965116,0.1626987278584418,215,21,0.34378568333906223,948.0198344273488,16.99999999999946,52.25621189774987,True,1.0,7
0.9605354150265185,0.7658772677277064,0.002459065637001684,39.174574776964874,61.11163715557238,3628.931986685994,16.294607810537055,0.004316642680357436,0.0033610646115733948,0.17190453334934186,227,18,0.4010680969919814,1078.3186511700565,16.99999999999946,51.572637693072295,True,1.0,8
0.9552223298291826,0.7612984949710339,-0.016225384139696902,37.27668897169994,63.554587633746806,3905.413613324784,16.37115591119572,0.004292825097942304,0.0031215850474456477,0.15774098075970294,244,14,0.3839637158226978,976.800316929699,16.499999999999737,51.65259165617808,True,1.0,9
0.9517434492597432,0.7616066148965875,-0.0023211731095434426,37.28451216565622,65.61878609980116,4138.010288004862,16.51710202306135,0.0043624050343399,0.0029352016099292856,0.14916359558101602,248,14,0.37545079362627365,959.4938957902867,16.99999999999946,52.24875822333086,True,1.0,10
