Seed,Threshold H (N),Method,Alarm fraction (%),False positive rate (%),False-safe rate (%),Indeterminate (%),Matched edge absolute displacement (ms),Unmatched reference edges (%),Decision disagreement (%)
11,30.0,Reconstructed force,61.825411853815574,0.7436787307882995,0.428921568627451,0.0,0.08163265306122286,0.0,0.5491384207536452
11,30.0,Uncertainty-aware force,59.74247301647415,0.04957858205255329,0.030637254901960783,4.203749289907215,0.5706806282722332,2.5510204081632626,
11,40.0,Reconstructed force,49.763302404847565,0.7924528301886792,0.9122006841505131,0.0,0.11560693641617802,0.0,0.8521113425487596
11,40.0,Uncertainty-aware force,47.756106797954935,0.03773584905660377,0.0,4.412043173641356,0.3488372093023375,0.5780346820809301,
11,50.0,Reconstructed force,39.95455406173073,0.3786683496371095,0.6628787878787878,0.0,0.07382550335570776,0.0,0.49233099791706114
11,50.0,Uncertainty-aware force,38.47756106797955,0.03155569580309246,0.04734848484848485,2.8593069494413936,0.49659863945577826,1.342281879194629,
11,60.0,Reconstructed force,31.62279871236508,0.249100470523111,0.4196642685851319,0.0,0.061538461538458177,0.7633587786259555,0.30297292179511454
11,60.0,Uncertainty-aware force,30.221548949062676,0.0,0.0,2.51846241242189,0.37984496124033623,1.526717557251911,
11,70.0,Reconstructed force,23.93486082181405,0.22399203583872573,0.6334125098970704,0.0,0.0973451327433757,0.0,0.3219087294073092
11,70.0,Uncertainty-aware force,22.495739443287256,0.0,0.0,2.8593069494413936,0.33636363636368505,2.6548672566371723,
11,80.0,Reconstructed force,17.136905889036168,0.16018306636155605,1.4270032930845227,0.0,0.10989010989010388,0.0,0.3787161522438932
11,80.0,Uncertainty-aware force,16.095436470365463,0.0,0.10976948408342481,2.0450672221170234,0.5058823529411586,6.593406593406592,
12,30.0,Reconstructed force,61.80647604620337,1.2845849802371543,0.5833589192508444,0.0,0.16842105263157733,0.5235602094240788,0.8521113425487596
12,30.0,Uncertainty-aware force,59.761408824086345,0.0,0.0,3.9765195985608783,0.6256684491978431,2.0942408376963373,
12,40.0,Reconstructed force,50.50179890172316,0.6904487917146145,0.9349289454001496,0.0,0.11864406779660652,0.0,0.8142397273243704
12,40.0,Uncertainty-aware force,48.797576216625636,0.0,0.037397157816005985,3.5788676387047906,0.3505747126436912,1.6949152542372836,
12,50.0,Reconstructed force,40.7877295966673,0.5115089514066496,0.6967022758941013,0.0,0.08333333333334479,0.0,0.5870100359780345
12,50.0,Uncertainty-aware force,39.08350691156978,0.0319693094629156,0.0,3.238023101685287,0.4736842105263235,2.564102564102566,
12,60.0,Reconstructed force,31.679606135201666,0.3332407664537628,1.130952380952381,0.0,0.2000000000000084,1.4598540145985384,0.5870100359780345
12,60.0,Uncertainty-aware force,30.18367733383829,0.0,0.05952380952380953,2.9161143722779777,0.5681818181818254,3.649635036496346,
12,70.0,Reconstructed force,23.61295209240674,0.3712871287128713,0.7252215954875101,0.0,0.21929824561404404,0.8695652173912993,0.45445938269267183
12,70.0,Uncertainty-aware force,22.211702329104334,0.0,0.0,2.7267562961560308,0.6818181818181944,4.347826086956519,
12,80.0,Reconstructed force,16.73925392918008,0.22737608003638018,1.0192525481313703,0.0,0.11627906976743034,1.1494252873563204,0.3597803446316985
12,80.0,Uncertainty-aware force,15.697784510509374,0.0,0.0,1.893580761219466,0.4352941176470526,2.298850574712641,
13,30.0,Reconstructed force,62.090513160386294,1.3439522150323544,0.6112469437652812,0.0,0.10880829015543647,0.0,0.8899829577731491
13,30.0,Uncertainty-aware force,59.66672978602537,0.0,0.0,4.544593826926718,0.293193717277486,1.0362694300518172,
13,40.0,Reconstructed force,50.29350501798901,0.5712109672505713,0.527306967984934,0.0,0.08000000000000133,0.0,0.5491384207536452
13,40.0,Uncertainty-aware force,48.24843779587199,0.0,0.0,4.1280060594584365,0.3179190751445205,1.1428571428571455,
13,50.0,Reconstructed force,40.37114182919901,0.4444444444444444,0.6100422336931018,0.0,0.31847133757963225,0.6329113924050667,0.5112668055292559
13,50.0,Uncertainty-aware force,38.610111721264914,0.031746031746031744,0.0,3.3705737549706494,0.7402597402597387,2.5316455696202556,
13,60.0,Reconstructed force,31.09259609922363,0.2477291494632535,0.9101941747572815,0.0,0.08208955223880274,0.0,0.45445938269267183
13,60.0,Uncertainty-aware force,29.539859875023673,0.027525461051472612,0.0,3.0486650255633405,0.5725190839694722,2.238805970149249,
13,70.0,Reconstructed force,22.91232721075554,0.220967345936656,0.5794701986754967,0.0,0.05660377358490047,0.0,0.30297292179511454
13,70.0,Uncertainty-aware force,21.70043552357508,0.0,0.0,2.4237833743609163,0.31428571428571034,0.9433962264150941,
13,80.0,Reconstructed force,16.474152622609353,0.18148820326678766,1.2600229095074456,0.0,0.30487804878047864,1.2048192771084376,0.3597803446316985
13,80.0,Uncertainty-aware force,15.565233857224012,0.0,0.11454753722794961,1.9125165688316608,0.7215189873417756,4.81927710843374,
14,30.0,Reconstructed force,61.06797954932778,1.2153621779290227,0.7444168734491315,0.0,0.08854166666666442,0.5181347150259086,0.9278545729975383
14,30.0,Uncertainty-aware force,58.75781102064003,0.0,0.062034739454094295,4.658208672599887,0.4734042553191506,2.590673575129532,
14,40.0,Reconstructed force,49.61181594395001,0.7510326699211416,0.6875477463712758,0.0,0.1918604651162773,1.1494252873563204,0.719560689263397
14,40.0,Uncertainty-aware force,47.680363567506156,0.0,0.0,3.881840560499905,0.5714285714285686,3.4482758620689613,
14,50.0,Reconstructed force,40.14391213785268,0.41230574056454167,0.9868421052631579,0.0,0.08609271523178007,0.0,0.6438174588146184
14,50.0,Uncertainty-aware force,38.72372656693808,0.03171582619727244,0.0,2.8971785646657833,0.6081081081081027,1.9867549668874163,
14,60.0,Reconstructed force,31.77428517326264,0.5270457697642164,1.0143198090692125,0.0,0.1363636363636466,0.0,0.6816890740390077
14,60.0,Uncertainty-aware force,30.240484756674874,0.0,0.0,2.9729217951145617,0.2923076923077071,1.5151515151515138,
14,70.0,Reconstructed force,23.68869532285552,0.27390438247011956,1.9762845849802373,0.0,0.1565217391304272,0.0,0.6816890740390077
14,70.0,Uncertainty-aware force,22.173830713879948,0.0249003984063745,0.0,3.0865366407877297,0.732142857142834,2.608695652173909,
14,80.0,Reconstructed force,16.70138231395569,0.22742779167614283,1.3574660633484164,0.0,0.11363636363635869,1.1235955056179803,0.4165877674682825
14,80.0,Uncertainty-aware force,15.508426434387426,0.0,0.0,2.4805907971975008,0.7160493827160336,8.98876404494382,
15,30.0,Reconstructed force,60.2916114372278,0.9569377990430622,0.8461297398934503,0.0,0.16842105263157853,0.5235602094240788,0.8899829577731491
15,30.0,Uncertainty-aware force,58.20867259988638,0.0,0.031338138514572234,4.298428327968188,0.4516129032258086,2.617801047120416,
15,40.0,Reconstructed force,48.81651202423784,0.7766272189349113,0.7760962359332557,0.0,0.1011904761904558,0.0,0.776368112099981
15,40.0,Uncertainty-aware force,47.07441772391592,0.0,0.0,3.522060215868207,0.36969696969694044,1.7857142857142905,
15,50.0,Reconstructed force,39.7083885627722,0.5969211435752434,0.9532888465204957,0.0,0.12000000000001786,0.0,0.7384964968755917
15,50.0,Uncertainty-aware force,38.023101685286875,0.031416902293433864,0.0,3.1433440636243133,0.27516778523490554,0.666666666666671,
15,60.0,Reconstructed force,30.978981253550465,0.7379065318393003,0.8014796547472256,0.0,0.26119402985075474,0.7407407407407418,0.7574323044877864
15,60.0,Uncertainty-aware force,29.00965726188222,0.08198961464881116,0.0,3.484188600643817,0.6279069767441893,4.444444444444439,
15,70.0,Reconstructed force,22.931263018367734,0.2457606291472106,0.9075907590759077,0.0,0.07619047619046462,0.0,0.3976519598560878
15,70.0,Uncertainty-aware force,21.605756485514107,0.02457606291472106,0.0,2.272296913463359,0.6666666666666705,2.857142857142858,
15,80.0,Reconstructed force,16.568831660670327,0.15894641235240692,1.0262257696693273,0.0,0.09638554216866409,0.0,0.30297292179511454
15,80.0,Uncertainty-aware force,15.546298049611815,0.0,0.0,1.7610301079341035,0.5000000000000144,3.6144578313253017,
16,30.0,Reconstructed force,61.3520166635107,0.8845208845208846,0.7393715341959335,0.0,0.07216494845361403,0.0,0.7953039197121756
16,30.0,Uncertainty-aware force,59.04184813482295,0.0,0.0,4.317364135580382,0.5759162303664741,1.546391752577314,
16,40.0,Reconstructed force,49.17629236886953,0.8566108007448789,0.847457627118644,0.0,0.22485207100591342,1.1695906432748537,0.8521113425487596
16,40.0,Uncertainty-aware force,47.33951903048665,0.0,0.038520801232665644,3.9197121757242943,0.3786982248520858,1.1695906432748537,
16,50.0,Reconstructed force,39.7083885627722,0.37735849056603776,0.7615421227986673,0.0,0.10000000000000231,0.0,0.5302026131414505
16,50.0,Uncertainty-aware force,38.38288202991858,0.031446540880503145,0.0,2.6888846809316416,0.22147651006711427,0.666666666666671,
16,60.0,Reconstructed force,31.03578867638705,0.4398020890599231,1.2172854534388313,0.0,0.2631578947368423,1.4814814814814836,0.6816890740390077
16,60.0,Uncertainty-aware force,29.46411664457489,0.0,0.06086427267194157,3.2001514864608978,0.5468750000000066,5.185185185185182,
16,70.0,Reconstructed force,23.007006248816513,0.2953482648289441,1.2315270935960592,0.0,0.11711711711710922,0.0,0.5112668055292559
16,70.0,Uncertainty-aware force,21.719371331187276,0.0,0.08210180623973727,2.632077258095058,0.6132075471698014,4.504504504504503,
16,80.0,Reconstructed force,16.549895853058132,0.24932003626473254,0.6904487917146145,0.0,0.26506024096385167,1.1904761904761862,0.3219087294073092
16,80.0,Uncertainty-aware force,15.186517704980119,0.0,0.0,2.0829388373414126,0.8227848101265564,5.952380952380953,
17,30.0,Reconstructed force,62.4124218897936,1.2078510317060895,0.6678809957498483,0.0,0.09424083769633458,0.0,0.8710471501609542
17,30.0,Uncertainty-aware force,60.310547244839995,0.1509813789632612,0.030358227079538558,4.165877674682825,0.3789473684210501,0.5235602094240788,
17,40.0,Reconstructed force,51.41071766710851,1.3544891640866874,0.6303299962921765,0.0,0.11235955056179286,0.5586592178770999,0.9846619958341223
17,40.0,Uncertainty-aware force,49.13842075364514,0.03869969040247678,0.0,3.9575837909486844,0.3579545454545634,1.6759776536312887,
17,50.0,Reconstructed force,41.03389509562583,0.5459216441875401,0.7844946931241348,0.0,0.08280254777071273,0.0,0.6438174588146184
17,50.0,Uncertainty-aware force,39.651581139935615,0.03211303789338471,0.046146746654360866,3.0297292179511457,0.5324675324675322,1.9108280254777066,
17,60.0,Reconstructed force,31.887900018935806,0.3616133518776078,0.8896797153024912,0.0,0.10218978102189141,0.7246376811594235,0.5302026131414505
17,60.0,Uncertainty-aware force,30.373035409960238,0.027816411682892908,0.0,3.1433440636243133,0.3656716417910442,2.898550724637683,
17,70.0,Reconstructed force,23.82124597614088,0.4225702212279393,1.3513513513513513,0.0,0.11711711711712121,0.0,0.6438174588146184
17,70.0,Uncertainty-aware force,22.533611058511646,0.0,0.1589825119236884,2.613141450482863,0.2909090909091053,0.9009009009009028,
17,80.0,Reconstructed force,16.81499715962886,0.29572338489535943,1.1299435028248588,0.0,0.35294117647058465,1.1627906976744207,0.4355235750804771
17,80.0,Uncertainty-aware force,15.868206779019125,0.0,0.0,2.0261314145048286,0.8518518518518307,5.813953488372093,
18,30.0,Reconstructed force,60.87862147320583,0.8759124087591241,0.8989460632362059,0.0,0.154255319148944,0.0,0.8899829577731491
18,30.0,Uncertainty-aware force,59.2312062109449,0.04866180048661801,0.0,3.8629047528877107,0.3689839572192754,0.5319148936170248,
18,40.0,Reconstructed force,49.93372467335732,0.831129580657348,0.721336370539104,0.0,0.13450292397660765,0.5813953488372103,0.776368112099981
18,40.0,Uncertainty-aware force,48.00227229691346,0.0,0.0,3.9954554061730736,0.2982456140350815,0.5813953488372103,
18,50.0,Reconstructed force,39.99242567695512,0.5680025244556642,0.8522727272727272,0.0,0.10596026490065205,0.0,0.6816890740390077
18,50.0,Uncertainty-aware force,38.40181783753077,0.0,0.0,3.010793410338951,0.36912751677851413,1.3245033112582738,
18,60.0,Reconstructed force,31.09259609922363,0.5767646251029936,1.1585365853658536,0.0,0.13533834586467264,0.0,0.7574323044877864
18,60.0,Uncertainty-aware force,29.4262450293505,0.0,0.0,3.275894716909676,0.7086614173228573,4.511278195488721,
18,70.0,Reconstructed force,23.42359401628479,0.24740227610094012,0.9685230024213075,0.0,0.08035714285715186,0.0,0.4165877674682825
18,70.0,Uncertainty-aware force,22.47680363567506,0.024740227610094014,0.0,2.120810452565802,0.2363636363636396,1.7857142857142905,
18,80.0,Reconstructed force,16.833932967241054,0.15956234328698427,1.342281879194631,0.0,0.07058823529410987,0.0,0.3597803446316985
18,80.0,Uncertainty-aware force,15.925014201855708,0.0,0.0,1.9882597992804392,0.46341463414634587,3.529411764705881,
19,30.0,Reconstructed force,61.52243893202045,1.2303149606299213,0.7694675284702985,0.0,0.2741116751269044,0.5050505050505083,0.946790380609733
19,30.0,Uncertainty-aware force,59.2312062109449,0.0,0.0,4.771823518273054,0.5759162303664996,3.535353535353536,
19,40.0,Reconstructed force,50.04733951903049,0.7954545454545454,0.7194244604316548,0.0,0.28160919540230095,0.5714285714285672,0.7574323044877864
19,40.0,Uncertainty-aware force,48.32418102632077,0.0,0.0,3.711418291990153,0.7134502923976614,2.285714285714291,
19,50.0,Reconstructed force,39.59477371709904,0.5325814536340852,0.7180469123982767,0.0,0.09459459459459243,0.0,0.6059458435902291
19,50.0,Uncertainty-aware force,38.04203749289907,0.03132832080200501,0.0,3.5978034463169855,0.2827586206896723,2.0270270270270285,
19,60.0,Reconstructed force,31.111531906835825,0.43956043956043955,0.8531383302864107,0.0,0.06766917293232004,1.4814814814814836,0.5680742283658398
19,60.0,Uncertainty-aware force,29.804961181594397,0.0,0.0,2.9350501798901725,0.33076923076924386,3.703703703703709,
19,70.0,Reconstructed force,22.91232721075554,0.344149459193707,1.4014839241549877,0.0,0.2702702702702835,0.8928571428571397,0.5870100359780345
19,70.0,Uncertainty-aware force,21.586820677901912,0.0,0.0,2.8024995266048096,0.4495412844036599,2.67857142857143,
19,80.0,Reconstructed force,16.13330808558985,0.3389830508474576,2.219626168224299,0.0,0.2073170731707143,0.0,0.6438174588146184
19,80.0,Uncertainty-aware force,15.224389320204507,0.022598870056497175,0.23364485981308408,2.1397462601779966,0.5128205128205133,4.878048780487809,
20,30.0,Reconstructed force,61.61711797008142,1.4222658165767532,0.5243676742751389,0.0,0.09793814432988841,0.0,0.8710471501609542
20,30.0,Uncertainty-aware force,59.09865555765953,0.0,0.0,4.46885059647794,0.39473684210526117,2.0618556701030966,
20,40.0,Reconstructed force,49.51713690588904,0.8245877061469266,0.7654037504783774,0.0,0.14792899408285218,0.0,0.7953039197121756
20,40.0,Uncertainty-aware force,47.77504260556712,0.0,0.0,4.033327021397462,0.2694610778443063,1.1834319526627168,
20,50.0,Reconstructed force,39.803067600833174,0.25252525252525254,0.8991954566966399,0.0,0.20000000000001128,0.6622516556291425,0.5112668055292559
20,50.0,Uncertainty-aware force,38.40181783753077,0.0,0.0,3.0297292179511457,0.48299319727890216,2.6490066225165587,
20,60.0,Reconstructed force,31.471312251467527,0.44198895027624313,0.9030704394942807,0.0,0.24615384615385402,0.7633587786259555,0.5870100359780345
20,60.0,Uncertainty-aware force,29.861768604430978,0.0,0.0,2.8971785646657833,0.4645669291338814,3.053435114503822,
20,70.0,Reconstructed force,23.859117591365273,0.44709388971684055,1.0358565737051793,0.0,0.13513513513515826,0.0,0.5870100359780345
20,70.0,Uncertainty-aware force,22.249573944328727,0.024838549428713365,0.0,2.7835637189926152,0.4999999999999891,2.7027027027026973,
20,80.0,Reconstructed force,17.042226850975194,0.2965328467153284,1.1148272017837235,0.0,0.12643678160918403,0.0,0.4355235750804771
20,80.0,Uncertainty-aware force,15.981821624692294,0.0,0.0,2.272296913463359,0.7037037037037002,6.896551724137934,
21,30.0,Reconstructed force,61.80647604620337,1.2877662209014362,0.7357449417535254,0.0,0.21354166666666918,0.5181347150259086,0.946790380609733
21,30.0,Uncertainty-aware force,59.837152054535125,0.0,0.0,4.279492520355993,0.4444444444444413,2.072538860103623,
21,40.0,Reconstructed force,50.577542132171935,0.8832565284178187,1.0833022039596563,0.0,0.1412429378530855,0.5617977528089901,0.9846619958341223
21,40.0,Uncertainty-aware force,48.721832986176864,0.0,0.03735524841240195,3.8629047528877107,0.3352272727272636,1.1235955056179803,
21,50.0,Reconstructed force,40.352206021586824,0.35020694046482015,0.9345794392523363,0.0,0.09868421052631296,0.0,0.5870100359780345
21,50.0,Uncertainty-aware force,38.875213027835635,0.0,0.04672897196261683,2.953985987502367,0.38255033557047163,1.9736842105263164,
21,60.0,Reconstructed force,31.660670327589475,0.4165509580672035,1.369047619047619,0.0,0.2180451127819534,1.4814814814814836,0.719560689263397
21,60.0,Uncertainty-aware force,29.99431925771634,0.0,0.0,3.2569589092974818,0.6153846153845929,3.703703703703709,
21,70.0,Reconstructed force,23.68869532285552,0.39662865642042633,0.9623095429029671,0.0,0.12173913043478271,0.0,0.5302026131414505
21,70.0,Uncertainty-aware force,22.268509751940922,0.024789291026276646,0.0,2.7267562961560308,0.42477876106196694,1.7391304347826098,
21,80.0,Reconstructed force,16.360537776936187,0.27137042062415195,0.8149010477299184,0.0,0.09523809523810721,0.0,0.3597803446316985
21,80.0,Uncertainty-aware force,15.470554819163038,0.0,0.0,1.9314523764438554,0.46913580246915676,3.57142857142857,
22,30.0,Reconstructed force,61.29520924067412,0.9286412512218964,0.5255023183925811,0.0,0.09042553191488485,0.0,0.6816890740390077
22,30.0,Uncertainty-aware force,59.53417913274001,0.0,0.030911901081916538,3.9575837909486844,0.4301075268817166,1.0638297872340385,
22,40.0,Reconstructed force,51.14561636053778,0.774593338497289,0.6669136717302705,0.0,0.10674157303371046,0.0,0.719560689263397
22,40.0,Uncertainty-aware force,49.06267752319636,0.0,0.0,3.7303540996023483,0.3678160919540233,2.2471910112359605,
22,50.0,Reconstructed force,40.86347282711608,0.4166666666666667,0.7403979639055993,0.0,0.0909090909090773,0.6451612903225823,0.5491384207536452
22,50.0,Uncertainty-aware force,39.29180079530392,0.0,0.04627487274409996,3.1812156788487025,0.25657894736842496,1.9354838709677469,
22,60.0,Reconstructed force,32.34235940162848,0.4763239002521714,1.2266355140186915,0.0,0.17910447761192888,0.7407407407407418,0.719560689263397
22,60.0,Uncertainty-aware force,30.922173830713877,0.05603810591202018,0.0,2.9350501798901725,0.4122137404579944,2.9629629629629672,
22,70.0,Reconstructed force,24.389320204506724,0.5001250312578145,1.0920436817472698,0.0,0.1206896551724072,0.0,0.6438174588146184
22,70.0,Uncertainty-aware force,22.893391403143344,0.0,0.15600624024961,3.0297292179511457,0.442477876106203,2.5862068965517238,
22,80.0,Reconstructed force,17.326263965158116,0.2517162471395881,0.7683863885839737,0.0,0.2558139534883749,1.1494252873563204,0.34084453701950385
22,80.0,Uncertainty-aware force,16.24692293126302,0.0,0.10976948408342481,2.0450672221170234,0.8658536585365916,5.747126436781613,
23,30.0,Reconstructed force,61.636053777693625,0.6435643564356436,0.5826433609322293,0.0,0.08717948717947757,0.0,0.6059458435902291
23,30.0,Uncertainty-aware force,59.2122704033327,0.04950495049504951,0.0,4.582465442151108,0.6753926701570466,2.051282051282055,
23,40.0,Reconstructed force,49.91478886574512,1.1649755730928222,0.5725190839694656,0.0,0.10919540229882771,0.0,0.8710471501609542
23,40.0,Uncertainty-aware force,47.8697216436281,0.0751597143930853,0.0,3.938647983336489,0.4678362573099277,1.7241379310344862,
23,50.0,Reconstructed force,39.84093921605756,0.5660377358490566,0.7139457401237506,0.0,0.20529801324502225,0.6578947368421018,0.6248816512024238
23,50.0,Uncertainty-aware force,38.136716530960044,0.06289308176100629,0.0,3.4463169854194278,0.3576158940397464,0.6578947368421018,
23,60.0,Reconstructed force,30.941109638326076,0.4654983570646221,0.7366482504604052,0.0,0.08527131782945659,0.0,0.5491384207536452
23,60.0,Uncertainty-aware force,29.59666729786025,0.0,0.0,2.7835637189926152,0.34920634920635835,2.3255813953488413,
23,70.0,Reconstructed force,23.177428517326266,0.24691358024691357,1.380991064175467,0.0,0.10091743119266777,0.9090909090909038,0.5112668055292559
23,70.0,Uncertainty-aware force,22.135959098655558,0.02469135802469136,0.16246953696181965,2.3101685286877482,0.4814814814814973,1.8181818181818188,
23,80.0,Reconstructed force,16.512024237833746,0.29471775107685333,1.264367816091954,0.0,0.12941176470588506,0.0,0.45445938269267183
23,80.0,Uncertainty-aware force,15.300132550653286,0.0,0.0,2.442719181973111,0.3250000000000294,5.882352941176472,
24,30.0,Reconstructed force,60.935428896042424,1.4450867052023122,0.5304212168486739,0.0,0.11170212765957634,0.0,0.8899829577731491
24,30.0,Uncertainty-aware force,59.15546298049612,0.09633911368015415,0.031201248049921998,3.673546676765764,0.23936170212765803,0.0,
24,40.0,Reconstructed force,49.687559174398785,0.7148231753197893,0.6862371330537552,0.0,0.09714285714284328,0.0,0.7006248816512024
24,40.0,Uncertainty-aware force,47.756106797954935,0.0,0.03812428516965307,3.8250331376633215,0.9411764705882112,2.857142857142858,
24,50.0,Reconstructed force,39.93561825411854,0.5366161616161615,0.9938476100331283,0.0,0.11920529801324294,0.0,0.719560689263397
24,50.0,Uncertainty-aware force,38.38288202991858,0.0,0.0,3.1812156788487025,0.4527027027026912,1.9867549668874163,
24,60.0,Reconstructed force,31.319825790569965,0.3586206896551724,0.9057971014492754,0.0,0.08888888888889225,1.4598540145985384,0.5302026131414505
24,60.0,Uncertainty-aware force,29.748153758757812,0.0,0.06038647342995169,3.5031244082560122,0.4031007751938264,5.839416058394164,
24,70.0,Reconstructed force,23.309979170611626,0.37027894347074797,1.1382113821138211,0.0,0.13513513513514225,0.0,0.5491384207536452
24,70.0,Uncertainty-aware force,21.795114561636055,0.0,0.0,2.8024995266048096,0.509259259259269,2.7027027027026973,
24,80.0,Reconstructed force,16.284794546487408,0.2943840579710145,2.0809248554913293,0.0,0.583333333333318,2.3255813953488413,0.5870100359780345
24,80.0,Uncertainty-aware force,15.338004165877676,0.022644927536231884,0.11560693641618498,2.177617875402386,0.9999999999999759,8.139534883720934,
25,30.0,Reconstructed force,61.44669570157168,1.0294117647058822,0.5245294662141314,0.0,0.06914893617021578,0.0,0.719560689263397
25,30.0,Uncertainty-aware force,59.25014201855709,0.0,0.030854674483184203,4.3741715584169665,0.3085106382978484,0.0,
25,40.0,Reconstructed force,50.21776178754024,0.8009153318077803,1.0530274539300488,0.0,0.32584269662920257,0.5586592178770999,0.9278545729975383
25,40.0,Uncertainty-aware force,48.32418102632077,0.07627765064836003,0.0,4.260556712743798,0.5028248587570445,1.1173184357541888,
25,50.0,Reconstructed force,39.87881083128195,0.7234979553318653,0.9039010466222646,0.0,0.12162162162162697,1.3333333333333308,0.7953039197121756
25,50.0,Uncertainty-aware force,38.21245976140882,0.0,0.0,3.3705737549706494,0.3904109589040901,2.6666666666666616,
25,60.0,Reconstructed force,31.300889982957774,0.3861003861003861,0.9667673716012084,0.0,0.21641791044776387,0.7407407407407418,0.5680742283658398
25,60.0,Uncertainty-aware force,29.823896989206588,0.0,0.0,3.1433440636243133,0.4210526315789511,1.4814814814814836,
25,70.0,Reconstructed force,22.741904942245785,0.2698062300711307,1.1627906976744187,0.0,0.11009174311927022,0.0,0.4733951903048665
25,70.0,Uncertainty-aware force,21.586820677901912,0.0,0.0,2.6510130657072524,0.5943396226415214,2.752293577981646,
25,80.0,Reconstructed force,15.943950009467903,0.1352265043948614,0.9478672985781991,0.0,0.09638554216867881,0.0,0.2651013065707252
25,80.0,Uncertainty-aware force,14.921416398409393,0.0,0.0,2.0071956068926338,0.5555555555555506,2.409638554216864,
26,30.0,Reconstructed force,61.74966862336678,1.0355029585798818,0.3996311097448509,0.0,0.07894736842105679,0.0,0.6438174588146184
26,30.0,Uncertainty-aware force,59.51524332512782,0.0,0.0,3.9007763681121,0.26455026455025304,0.5263157894736858,
26,40.0,Reconstructed force,50.236697595152435,0.573394495412844,1.0131332082551596,0.0,0.15116279069767263,0.5780346820809301,0.7953039197121756
26,40.0,Uncertainty-aware force,48.26737360348419,0.0,0.0375234521575985,3.938647983336489,0.33529411764706696,1.7341040462427793,
26,50.0,Reconstructed force,40.541564097708765,0.5745292052345995,1.1638733705772812,0.0,0.15436241610739684,0.666666666666671,0.8142397273243704
26,50.0,Uncertainty-aware force,38.78053398977466,0.0,0.0,3.3895095625828446,0.33557046979866995,0.666666666666671,
26,60.0,Reconstructed force,32.05832228744556,0.2789400278940028,0.7665094339622641,0.0,0.11450381679388474,0.0,0.4355235750804771
26,60.0,Uncertainty-aware force,30.600265101306572,0.0,0.0,2.7835637189926152,0.29770992366411814,0.0,
26,70.0,Reconstructed force,24.37038439689453,0.3256513026052104,1.1636927851047323,0.0,0.08547008547009503,0.0,0.5302026131414505
26,70.0,Uncertainty-aware force,22.95019882597993,0.0250501002004008,0.0,2.840371141829199,0.4247787610619679,3.4188034188034178,
26,80.0,Reconstructed force,17.610301079341035,0.32161727544222374,1.293103448275862,0.0,0.13978494623656523,0.0,0.49233099791706114
26,80.0,Uncertainty-aware force,16.190115508426434,0.0,0.0,2.5373982200340843,0.5934065934065952,2.1505376344086002,
27,30.0,Reconstructed force,62.090513160386294,1.4925373134328357,0.6725771935188016,0.0,0.15104166666666044,0.0,0.9846619958341223
27,30.0,Uncertainty-aware force,59.87502366975952,0.04975124378109452,0.03057169061449098,4.203749289907215,0.35602094240834886,0.520833333333337,
27,40.0,Reconstructed force,50.085211134254884,0.6451612903225806,0.6802721088435374,0.0,0.09248554913294806,0.0,0.6627532664268131
27,40.0,Uncertainty-aware force,48.38098844915736,0.07590132827324478,0.0,3.465252793031623,0.3081395348837044,0.5780346820809301,
27,50.0,Reconstructed force,40.01136148456732,0.6628787878787878,0.9938476100331283,0.0,0.15131578947369093,0.0,0.7953039197121756
27,50.0,Uncertainty-aware force,38.47756106797955,0.06313131313131314,0.0,3.3895095625828446,0.28859060402684145,1.9736842105263164,
27,60.0,Reconstructed force,31.338761598182163,0.4410143329658214,0.8469449485783425,0.0,0.24615384615385238,1.5151515151515138,0.5680742283658398
27,60.0,Uncertainty-aware force,30.1268699110017,0.027563395810363836,0.0,2.840371141829199,0.3700787401574832,3.7878787878787845,
27,70.0,Reconstructed force,24.14315470554819,0.3743448964312453,1.098901098901099,0.0,0.1150442477876225,0.0,0.5491384207536452
27,70.0,Uncertainty-aware force,22.60935428896042,0.0,0.0,2.7646279113804204,0.43636363636363473,2.6548672566371723,
27,80.0,Reconstructed force,17.231584927097142,0.410958904109589,0.9988901220865706,0.0,0.28915662650602836,1.1904761904761862,0.5112668055292559
27,80.0,Uncertainty-aware force,15.943950009467903,0.0228310502283105,0.0,2.291232721075554,0.7624999999999869,4.761904761904767,
28,30.0,Reconstructed force,61.976898314713125,0.9013520280420632,0.8830694275274056,0.0,0.1282051282051397,0.0,0.8899829577731491
28,30.0,Uncertainty-aware force,59.609922363188794,0.050075112669003496,0.0,4.677144480212081,0.8670212765957472,3.589743589743588,
28,40.0,Reconstructed force,50.50179890172316,0.8027522935779817,0.7129455909943715,0.0,0.11494252873564505,0.0,0.7574323044877864
28,40.0,Uncertainty-aware force,48.646089755728084,0.0,0.0375234521575985,3.5978034463169855,0.4709302325581374,1.1494252873563204,
28,50.0,Reconstructed force,40.61730732815755,0.6049028971665075,0.6542056074766356,0.0,0.0516129032258022,0.6410256410256387,0.6248816512024238
28,50.0,Uncertainty-aware force,38.913084643060024,0.0,0.0,3.33270213974626,0.374999999999996,2.564102564102566,
28,60.0,Reconstructed force,31.603862904752887,0.5534034311012728,1.0797840431913617,0.0,0.138686131386859,0.0,0.719560689263397
28,60.0,Uncertainty-aware force,29.899640219655367,0.05534034311012728,0.05998800239952009,3.4463169854194278,0.5692307692307756,5.109489051094895,
28,70.0,Reconstructed force,22.91232721075554,0.2700049091801669,0.6628003314001657,0.0,0.1028037383177623,0.0,0.3597803446316985
28,70.0,Uncertainty-aware force,21.795114561636055,0.024545900834560628,0.0,2.613141450482863,0.24761904761905418,1.869158878504673,
28,80.0,Reconstructed force,16.322666161711798,0.24881248586292692,1.0465116279069768,0.0,0.119047619047598,0.0,0.3787161522438932
28,80.0,Uncertainty-aware force,15.356939973489869,0.0,0.0,2.158682067790191,0.7749999999999826,4.761904761904767,
29,30.0,Reconstructed force,61.503503124408255,1.083210241260463,0.7384615384615384,0.0,0.15544041450776122,0.0,0.8710471501609542
29,30.0,Uncertainty-aware force,59.51524332512782,0.0,0.0,4.449914788865745,0.35078534031412023,1.0362694300518172,
29,40.0,Reconstructed force,50.350312440825604,0.9128946367440092,0.641025641025641,0.0,0.09039548022598941,0.0,0.776368112099981
29,40.0,Uncertainty-aware force,48.19163037303541,0.0,0.037707390648567124,4.203749289907215,0.3468208092485546,2.259887005649719,
29,50.0,Reconstructed force,39.87881083128195,0.28382213812677387,0.6161137440758294,0.0,0.16107382550335733,0.666666666666671,0.4165877674682825
29,50.0,Uncertainty-aware force,38.136716530960044,0.0,0.0,3.0297292179511457,0.46938775510202757,2.0000000000000018,
29,60.0,Reconstructed force,31.584927097140692,0.5788313120176406,0.3629764065335753,0.0,0.09160305343510865,0.7575757575757569,0.5112668055292559
29,60.0,Uncertainty-aware force,29.61560310547245,0.0,0.0,3.238023101685287,0.3565891472868151,2.2727272727272707,
29,70.0,Reconstructed force,23.707631130467714,0.4211047807778053,0.7234726688102894,0.0,0.09909909909910118,0.0,0.49233099791706114
29,70.0,Uncertainty-aware force,22.571482673736035,0.0,0.0,2.23442529823897,0.3853211009174428,1.8018018018018056,
29,80.0,Reconstructed force,16.73925392918008,0.3409865878608775,1.473922902494331,0.0,0.16279069767440843,0.0,0.5302026131414505
29,80.0,Uncertainty-aware force,15.735656125733763,0.0,0.0,2.1965536830145806,0.5185185185184902,5.813953488372093,
30,30.0,Reconstructed force,61.95796250710093,0.40100250626566414,0.6695069993913573,0.0,0.0833333333333311,0.0,0.5680742283658398
30,30.0,Uncertainty-aware force,60.17799659155463,0.05012531328320802,0.0,3.9954554061730736,0.3072916666666577,0.0,
30,40.0,Reconstructed force,50.785836015906085,0.6168080185042405,0.7815407517677708,0.0,0.10285714285712708,0.0,0.7006248816512024
30,40.0,Uncertainty-aware force,48.835447831850026,0.0,0.0,3.8629047528877107,0.3045977011494071,0.5714285714285672,
30,50.0,Reconstructed force,40.25752698352585,0.666243654822335,1.1272898074213245,0.0,0.14838709677419296,0.0,0.8521113425487596
30,50.0,Uncertainty-aware force,38.610111721264914,0.0,0.0,3.673546676765764,0.5298013245033029,2.580645161290318,
30,60.0,Reconstructed force,31.77428517326264,0.5274847307051638,1.1911852293031566,0.0,0.12781954887217306,0.0,0.7384964968755917
30,60.0,Uncertainty-aware force,30.013255065328536,0.0,0.0,3.238023101685287,0.7984496124031023,3.007518796992481,
30,70.0,Reconstructed force,23.991668244650636,0.3983071944236993,1.0284810126582278,0.0,0.11504424778760383,0.0,0.5491384207536452
30,70.0,Uncertainty-aware force,22.79871236508237,0.024894199651481205,0.0,2.5373982200340843,0.2568807339449655,3.539823008849563,
30,80.0,Reconstructed force,17.364135580382502,0.3205128205128205,1.095290251916758,0.0,0.09090909090910614,0.0,0.45445938269267183
30,80.0,Uncertainty-aware force,16.24692293126302,0.0,0.0,2.404847566748722,0.2619047619047608,4.545454545454541,
