Source,RMS standard contribution (N) mean,RMS standard contribution (N) std
state,0.6673295129044351,0.0
acceleration noise,0.6,0.0
mass tolerance,0.7120292134513745,0.010024657422393675
stiffness tolerance,0.0017882511466379494,1.5947406486390857e-05
damping tolerance,0.09861633086688289,0.0009260266665886403
acceleration scale,0.17800730336284362,0.0025061643555984187
acceleration bias,0.12000000000000002,0.0
displacement biases,0.0011313708498984758,0.0
actuator bias,0.20000000000000004,0.0
output synchronization,0.4302037907662005,0.0028403059051185105
