Force RMSE (N),Force MAE (N),Force bias (N),Filtered Fc std (N),ATR (%),Integral u2,Position-state RMSE (um),Velocity-state RMSE (m/s),Modal displacement RMSE,Modal velocity RMSE,State events,Check triggers,Max state norm,Max V,Minimum inter-event time (ms),Maximum OFF interval (ms),Finite trajectory,Noise case,Sampling (Hz),Seed
1.0662084904503628,0.8493350190291648,-0.04580388622722107,36.28842405276507,72.19960231038728,2628.7496261158144,20.182688808469816,0.005011389157973801,0.002871444167723544,0.142154842603063,287,6,0.22431310201535828,15.201358568000293,16.499999999999737,51.60741067465846,True,Medium,500,1
1.0701192560409667,0.8575510054183424,0.006217493648458837,36.399785052544225,71.98181990341823,2923.480406391659,20.908903027782554,0.005166423147469697,0.0027079779030329486,0.13458892165508474,288,8,0.20750231495275945,14.90035870185133,16.499999999999737,51.59275168017352,True,Medium,500,2
1.0579425317482027,0.8403865246945629,0.003306311789382714,36.44317543257197,75.61783921977086,2877.694977398988,20.29185783440727,0.004991832110370823,0.0027473722853786097,0.13563944772610181,304,5,0.2110172273891095,17.1765871048242,16.499999999999737,50.85574297542861,True,Medium,500,3
1.1001615053104394,0.8740097813047548,0.006740400894150527,36.27062081724648,74.1122999715936,2576.570725246821,20.5372937453488,0.005188110532006319,0.0027881553350372237,0.13775847917638864,289,9,0.2502183531357218,14.820295619272708,16.499999999999737,51.606835854287155,True,Medium,500,4
1.044379012710486,0.833773009398443,0.002351289432791672,36.76290738908131,70.39106145251397,2820.863566695237,20.4022939992169,0.004900388071105297,0.0027315558386744342,0.13592053492223263,286,6,0.22431019861705231,14.522050990078721,16.499999999999737,50.9867795218959,True,Medium,500,5
1.0634724724957765,0.8462330564162078,-0.007760085089687491,36.67847455583702,73.4968279518985,2893.512679954132,20.850768348578544,0.005065448674184917,0.002649694660586623,0.13170264171093285,293,7,0.2138466882100958,14.416299727587079,16.499999999999737,51.58121382171865,True,Medium,500,6
1.0601088772489256,0.8492249798538585,-0.00044721510297062833,36.699534776312,75.54208881734684,2649.072859846143,20.529801055562935,0.004990654703863147,0.0028204406726189016,0.139179760271765,291,7,0.22511046431408424,15.459034870320917,16.499999999999737,51.59607152441126,True,Medium,500,7
1.0853941541250038,0.85892591021557,0.00969898767058295,36.743859970803285,65.10747088343906,2470.5230156353114,20.423901235722756,0.00510466769085106,0.0028209268935636407,0.13990057443007511,247,19,0.24396575830698647,16.026427836783924,16.499999999999737,51.63375161225581,True,Medium,500,8
1.0531290446473134,0.8356797113224816,0.009403619234278794,36.58796769667184,73.70514155856453,2717.2783487545594,20.277900126597768,0.0050028071102866155,0.0028187614714899373,0.1403146153062577,293,7,0.26902470734722006,16.734178245834677,16.499999999999737,51.6170769404285,True,Medium,500,9
1.0653600149711167,0.8486837290330937,0.0009519204750040721,36.81617155155936,74.23539437553262,2900.1735871652127,20.80783060613564,0.005026870432349222,0.0027397190754726744,0.13616830332694382,296,7,0.23624064586767599,17.020392126110195,16.499999999999737,51.60549154637284,True,Medium,500,10
1.0724483055292489,0.8490311744508637,0.04055524373616707,36.439884378891016,74.49105198371366,2951.8859372761353,20.45925574861809,0.005064377777826923,0.0027969393799237782,0.13932982820344883,296,8,0.23900316275934985,14.906931559300432,16.499999999999737,52.20430061375225,True,Medium,500,11
1.0842244066134639,0.8603847325844628,-0.006843410300280455,36.75428638775741,75.00236720007575,2736.877961020105,20.865201392661806,0.005102628204542023,0.0026847643440903748,0.1331214692616197,297,8,0.22886013612994827,16.38144100904379,16.499999999999737,51.69575107344748,True,Medium,500,12
1.091879514528687,0.8721353575195796,0.01385564871896478,36.588341177953914,71.28112868099612,2157.4519005754773,20.4724651456969,0.00495324285345458,0.00281178076644005,0.13960475192664037,279,9,0.23689003559785998,14.916667635280538,16.499999999999737,51.58121382171843,True,Medium,500,13
1.0682748187896967,0.8504867611750423,-0.03911422589615769,36.870350190633644,73.86611116371556,2792.215467204065,20.544558428590047,0.004975407653237745,0.002589124182579314,0.12864816921100705,293,7,0.2669348630903701,14.088736357355362,16.499999999999737,50.94952023866828,True,Medium,500,14
1.0844492748164771,0.8610552087874253,-0.005240616944521892,36.8132556099444,72.3321655146293,2323.0689262912374,20.47039288534191,0.005085403303925398,0.0030044693258743245,0.14952068717116251,287,7,0.22894698282945794,23.18384302700451,16.499999999999737,51.593156589801126,True,Medium,500,15
1.0350013752861695,0.8191403751516388,0.007623140536591862,36.56401076395699,74.86033519553072,3002.435765967055,20.027709980325106,0.00486402650584852,0.0026849031013228887,0.13282043224805543,296,6,0.2531674054859623,15.918947965185524,16.499999999999737,50.89660808643259,True,Medium,500,16
1.0611777211094842,0.8521373498401731,0.02865245007466462,36.64469775765028,75.68412082189187,3056.0508505796593,20.556864079440565,0.005003086775590901,0.0027337612246234326,0.1355098566521807,298,7,0.2307241466706387,15.315445129107779,16.499999999999737,51.64103401550291,True,Medium,500,17
1.0729754501894662,0.8539711668041435,0.015472645664729034,36.285503080486926,72.26588391250829,2895.414644810011,20.497762674321475,0.005070268501988707,0.002903368117449382,0.14401471339090477,282,9,0.24262822739820933,16.2647527227118,16.499999999999737,52.204300613751364,True,Medium,500,18
1.0890374547581287,0.8699944835243745,-0.004970670427234024,37.04493057192705,70.27743584887794,2633.2279380173986,20.589259893727835,0.005119332629944196,0.0027759718019700393,0.1372423649068709,284,7,0.22518057157242918,15.388332639158639,16.499999999999737,51.604289538629274,True,Medium,500,19
1.0699592138585097,0.8508410847794071,-0.035285616746274624,36.331158463246105,73.79036076129154,2986.0310042642486,20.764770391905994,0.005111441089800286,0.0026964456652236817,0.13461055602036812,292,8,0.2446034001438062,15.226470361233611,16.499999999999737,51.579477325315096,True,Medium,500,20
0.9273657369396242,0.7414727985093484,0.006853764015505492,36.61506768696983,75.52315121674084,2396.8129872069126,16.045111294825322,0.004185068814954736,0.0028391887493275213,0.14117692404193383,295,12,0.2159276205338957,16.097061955352768,16.499999999999737,51.57605750919325,True,Medium,1000,1
0.9242572944011591,0.7393331300872086,0.020003272680835096,36.88581143599485,70.39106145251397,2217.8869561507026,16.270587831560764,0.004165883173529579,0.0029905021604990077,0.14872961053681502,280,11,0.20006695782703704,16.71685079030458,16.499999999999737,51.69575107344748,True,Medium,1000,2
0.910316683201308,0.7287656025415667,0.0033918093270190732,36.518896330868415,73.59151595492851,2566.875050147892,16.451709675851582,0.0041299808204518845,0.0028976803476000925,0.14618101510878453,287,9,0.2511222116688423,17.743095060907482,16.499999999999737,51.60549154637284,True,Medium,1000,3
0.9069574604303584,0.7248157426126673,0.013834182147341719,36.88124536101689,76.59312565098003,2402.4982033595397,16.48978439371258,0.004188963004291971,0.0028169373905164914,0.1414791651099109,290,8,0.23088244207959527,15.109081219287972,16.499999999999737,51.53506238789696,True,Medium,1000,4
0.9212079762545823,0.734718076892662,-0.017615567262134434,36.45172882044897,76.95294006249408,2488.9176081870705,16.29822923873112,0.004188865511944951,0.0027866171225757793,0.13887375331666552,305,8,0.2153113019980303,14.941532177690956,16.499999999999737,50.88742143328795,True,Medium,1000,5
0.9209670362440148,0.731686914946112,0.0019366351792124235,36.57643264948189,70.34371745099895,2236.2834596075395,16.368245318623554,0.004216068247136846,0.0029157132303820605,0.14629748493560213,274,12,0.23072281883808335,14.816029688278974,16.499999999999737,50.98899891898245,True,Medium,1000,6
0.9239853247959512,0.7381189687152536,-0.017134473303055262,36.901602078056946,73.43054634977749,2727.9671174387595,16.476614595673983,0.00423759925222177,0.002921959511137449,0.14635022096340036,295,10,0.22622798689077978,18.418087507480756,16.499999999999737,51.52714374539269,True,Medium,1000,7
0.9218679977197864,0.7349726841263704,0.006008631496555237,37.02096636411785,75.3621816115898,2589.439923240275,16.271268801654813,0.004138555230556703,0.002889494063907637,0.14545493836539422,288,10,0.20740259716412765,16.264910277162308,16.499999999999737,50.92256826795705,True,Medium,1000,8
0.9306701813659464,0.7423340016872463,-0.006747980748561639,36.64916275560269,75.2864312091658,2722.358889626302,16.30388651970932,0.00416914387852592,0.002810771242148362,0.14158694335900524,304,6,0.20947597675147736,14.868194144822695,16.499999999999737,51.59275168017352,True,Medium,1000,9
0.9194229912830615,0.7348623422880325,0.001033230223141629,36.463738437388365,75.3621816115898,2387.2042204334984,16.496424147808185,0.004216416824890503,0.0028678954430959532,0.14382364745590814,296,7,0.28657772076119076,15.909061348176976,16.499999999999737,51.592911276004294,True,Medium,1000,10
0.9265229613236001,0.741618880536323,-0.003577012573725018,36.72573246480351,78.12707130006629,2545.343716821243,16.327855118556677,0.004259622558264721,0.0029162172866000393,0.14637448586316393,306,6,0.231882084892005,20.361576365346775,16.499999999999957,50.86364611083572,True,Medium,1000,11
0.9082413598582754,0.7241648632483298,-0.009361424275854508,36.80098685434203,77.32222327431114,2488.36360762887,16.534939886455994,0.004189702980144583,0.002870123219147782,0.14397198530813235,306,6,0.22860314166672505,15.113709308567827,16.499999999999957,50.832033569207624,True,Medium,1000,12
0.9304486610901478,0.7410632946512572,-0.0002732926251258315,36.929494472393294,75.43793201401382,2449.002023285275,16.40499263488113,0.004221026290461443,0.0028797871425246912,0.14374965455415953,296,9,0.22869267572498997,16.057569381385818,16.499999999999737,51.59852060940118,True,Medium,1000,13
0.9324890919432879,0.7431990611820112,0.019286936884324354,36.177685353036495,75.40952561310482,2603.7623006505955,16.406317858745787,0.00424240801248,0.0029127034694026097,0.14586020906656189,295,7,0.2380248121234735,17.59620446306656,16.499999999999737,50.896736254095075,True,Medium,1000,14
0.9290068336009613,0.7383957963901845,-0.025372920804375417,36.96144931373191,76.53631284916202,2626.9273871106957,16.318457522879097,0.004231217660797531,0.002913170459288752,0.14603202997425,306,7,0.22868719535268137,15.732453524835105,16.499999999999986,51.54577338700639,True,Medium,1000,15
0.9179909407489015,0.7326909899143853,-0.015966597252580164,36.52123056013271,78.88457532430641,2417.6440457244225,16.22230278862869,0.004177411276296363,0.002933972669017322,0.14694525795835234,307,7,0.22913709454424486,17.227921555650198,16.499999999999737,50.91106492327846,True,Medium,1000,16
0.9168229412302917,0.7281896078601289,-0.01196202703593728,36.49238959360048,74.81299119401572,2491.5693175919478,16.370874801541056,0.00419818166841972,0.0028858683365076757,0.1444610225000931,295,10,0.23229736984071975,17.63051014676835,16.499999999999737,51.59999622204481,True,Medium,1000,17
0.9128475392989257,0.7257173450921681,0.0032699286213360938,36.56810515441379,78.7993561215794,2699.8674106351205,16.41782503039579,0.004278761141014287,0.002848006326093638,0.14331448432671104,316,3,0.2601014064994234,24.156335478514134,16.499999999999737,51.60257754177388,True,Medium,1000,18
0.9203078200911652,0.7324263308927544,-0.006594702733492142,36.596946680317465,76.14809203673894,2552.3934711120974,16.369109286539626,0.004172112694214148,0.0028422043167337634,0.1424934491554831,298,9,0.22567217721617208,15.872409371107635,16.499999999999737,50.926168191480436,True,Medium,1000,19
0.9228121820766515,0.7367131212192897,-0.0006374127413534987,36.64655856947668,71.88713190038823,2436.515014812473,16.443132082923043,0.004229449210082098,0.002864482430305846,0.14408710565964739,289,9,0.22377031591216207,19.310639530408444,16.499999999999737,50.865686851404135,True,Medium,1000,20
0.8119215402593145,0.6466425918903893,0.006037571344543297,36.53156140196155,79.32014013824448,2637.5921467369626,13.277004442110616,0.003476455434213254,0.002858479427169642,0.14378979436044284,316,5,0.22122979804333892,17.502887860168904,16.499999999999737,51.54371578173844,True,Medium,2000,1
0.8116067151643344,0.6452647265173691,0.018502939148299997,36.45355788711273,77.86194489158224,2471.2946775423693,13.364092916077505,0.003436891328192137,0.002839953864224072,0.14390844006369832,312,5,0.2302080047501888,16.552490536464976,16.499999999999737,50.812275730689024,True,Medium,2000,2
0.8118040040114848,0.6488587084607117,0.008930281834810094,36.84294383870655,76.60259445128303,2434.8160034313873,13.414928314039496,0.0034624464348527125,0.002879873529602558,0.14521258712373378,305,5,0.25216505507116777,17.127289216857694,16.499999999999737,50.95275042234704,True,Medium,2000,3
0.8263700734409769,0.6609948249126129,0.02078474953548248,36.27822111902396,77.15178486885712,2862.610585836251,13.447261908465618,0.003456087378486527,0.002912020495834295,0.14724595452711856,312,4,0.21121548590506242,15.59531790695418,16.499999999999737,51.54426140362567,True,Medium,2000,4
0.8231111250019163,0.6558599671925829,-0.024450883350541255,36.54245493892815,75.63677682037687,2319.152198317308,13.329322282210434,0.0034677846055556883,0.0029259859661868713,0.14814140171385473,304,10,0.22307139775889623,16.525135160818877,16.499999999999737,50.9310013243649,True,Medium,2000,5
0.8128101433143787,0.649596933668934,-0.000679603484734091,36.61707426099845,77.18019126976611,2754.551268614751,13.396480732487081,0.0034479897919808375,0.0028304195346087525,0.14372533412899316,301,7,0.23242089560747545,17.115831683138946,16.499999999999737,51.53733024782969,True,Medium,2000,6
0.8164660235643897,0.6515425864705694,0.007098475055602475,36.60388495108734,73.12754474008143,2426.4460622763554,13.443091202979865,0.0034827038293832584,0.0030108713558913997,0.15203723597015942,295,10,0.22627790943358858,17.905914318982788,16.499999999999737,51.61294293247076,True,Medium,2000,7
0.8176595426599726,0.6549349260076812,-0.0015020877961619186,36.533293442405636,80.32383297036264,2692.2108301611124,13.445809603126568,0.0034907517346882484,0.002907166857752181,0.14665713047059248,317,5,0.24549805936536376,17.76038991570678,16.499999999999737,51.56921787695046,True,Medium,2000,8
0.836544638504958,0.6688690562370094,0.002081970967710276,36.601743314948415,75.38111921219581,2289.849399555348,13.485596255491533,0.0035128363130716017,0.0029399374052643938,0.14959657825937345,298,7,0.23189339895595387,17.359255903537914,16.499999999999737,50.859476970867235,True,Medium,2000,9
0.8203612992919711,0.6566317118800837,-0.00801313758081224,37.031339649492715,80.07764416248462,2645.164618118909,13.489392594749738,0.0034559984507080642,0.0030407064218143944,0.15310233066832316,315,3,0.23344066481817413,17.734213994521713,16.499999999999737,50.81600780710094,True,Medium,2000,10
0.8280786599940924,0.6626195349430348,-0.005276069617061243,36.63138911020154,75.45686961461982,2471.343716995939,13.501855181324643,0.0035145947607390805,0.0029182616417240547,0.14695358522255433,293,10,0.24909745577608697,17.37327386628479,16.499999999999737,51.55198326754462,True,Medium,2000,11
0.8191514351084855,0.6549468592082692,0.020278216886248725,36.479797718658794,76.53631284916202,2560.8955665056665,13.403577306646222,0.003452274579948463,0.0029049943830806615,0.14735605104984542,298,10,0.2297785404642637,17.585362669171168,16.499999999999737,50.890526373557066,True,Medium,2000,12
0.817941891459272,0.6491151006580665,0.0024432327574927517,37.191264435428586,75.2959000094688,2324.070763985681,13.509176372105962,0.003457905898451336,0.00297443355101893,0.1504896801070401,303,8,0.21509130312272612,17.521424738123205,16.499999999999737,51.57832935710438,True,Medium,2000,13
0.8188409040204464,0.6537023155747649,0.0037332051657670102,37.03453219608761,77.54000568128018,2411.3786166916125,13.395197034993426,0.0034729891176440895,0.002960173185668561,0.1494191780850856,309,6,0.25603124390390286,19.877839591951467,16.499999999999737,50.955730119206066,True,Medium,2000,14
0.8152871357443745,0.6500369461786577,-0.013274326236167384,36.33458507965902,77.28434807309914,2630.649995600249,13.457408914225237,0.0034538196295843208,0.002980607819516441,0.15069067843476158,304,5,0.22261429227931653,18.43804091859481,16.499999999999737,51.57434760113277,True,Medium,2000,15
0.823173439800359,0.6583193305215504,-0.0060433406111821825,36.55682521105692,77.15178486885712,2311.4946098026885,13.486440316455347,0.003511234884366808,0.0029037206020789655,0.14672704560503932,312,3,0.22558020385350808,16.700826584656287,16.499999999999737,51.572637693072295,True,Medium,2000,16
0.8154946083343322,0.6500175900388604,-0.025141767179273942,36.94232530526221,80.10605056339361,2531.4652948677904,13.32495584871799,0.003490804985476001,0.0029483835973256266,0.14928977296571602,317,5,0.22140644390775624,18.87910180403341,16.499999999999737,50.86258191113657,True,Medium,2000,17
0.8253252003299402,0.6584311511303346,0.030250135159647674,36.90810522570174,75.00236720007575,2375.2390439567844,13.430370356983977,0.003522375957297489,0.003035244310958177,0.15319788213466246,299,8,0.24518290159583456,19.196553803537636,16.499999999999737,51.57544489249055,True,Medium,2000,18
0.8138688359856031,0.6483137314519805,-0.006463679806837306,36.91565830103093,74.1501751728056,2426.3919700607457,13.309080200319576,0.003423244135029048,0.0029771295320110062,0.15052908004559576,288,11,0.22970109502152286,22.994825688250863,16.499999999999737,51.508514103778765,True,Medium,2000,19
0.818242476169823,0.6507515731297737,-0.0067961469582449125,36.51588752249191,75.67465202158886,2337.1889876999626,13.43289206059092,0.0034740158902826974,0.003025199601871144,0.15244772466838666,302,8,0.2344210604306938,17.692088680818276,16.499999999999737,50.86759767853977,True,Medium,2000,20
